chip_id,valid_pixels,flood_pixels,flood_fraction,M0_iou,M0_f1,M1_iou,M1_f1,M2_iou,M2_f1,M3_iou,M3_f1
Bolivia_103757,88077,35362,0.4014896056859339,0.78,0.8764,0.8005,0.8892,0.6885,0.8155,0.4487,0.6195
Bolivia_129334,237065,156067,0.6583299938835341,0.8252,0.9042,0.8343,0.9097,0.7317,0.8451,0.454,0.6245
Bolivia_195474,261335,1551,0.005934911129393307,0.0102,0.0202,0.004,0.0079,0.0,0.0,0.0351,0.0679
Bolivia_23014,182995,7780,0.04251482280936637,0.6964,0.821,0.71,0.8304,0.731,0.8446,0.7381,0.8493
Bolivia_233925,146294,1,6.835550330157081e-06,0.0,0.0,0.0,0.0,0.0,0.0,0.0,0.0
Bolivia_242570,175507,27346,0.15581144911598968,0.1256,0.2231,0.2166,0.3561,0.3794,0.5501,0.3414,0.509
Bolivia_290290,204633,19699,0.09626502079332268,0.3986,0.57,0.2834,0.4417,0.4047,0.5762,0.2207,0.3616
Bolivia_294583,130472,15008,0.11502851186461463,0.7527,0.8589,0.7541,0.8598,0.2927,0.4528,0.6581,0.7938
Bolivia_312675,158008,9575,0.060598197559617234,0.0379,0.073,0.044,0.0844,0.0255,0.0497,0.0044,0.0087
Bolivia_314919,188845,83678,0.4431041330191427,0.5891,0.7415,0.6064,0.755,0.5243,0.6879,0.3106,0.474
Bolivia_360519,243678,414,0.0016989633861078965,0.0435,0.0833,0.0373,0.0719,0.0801,0.1483,0.044,0.0842
Bolivia_379434,262144,10790,0.04116058349609375,0.2239,0.3659,0.2869,0.4459,0.1183,0.2116,0.311,0.4745
Bolivia_432776,155397,72145,0.46426250185010004,0.5303,0.693,0.5648,0.7219,0.4536,0.6241,0.1879,0.3163
Bolivia_60373,199019,12480,0.06270758068325134,0.5341,0.6963,0.6072,0.7556,0.5796,0.7339,0.5608,0.7186
Bolivia_76104,190965,5,2.6182808368025554e-05,0.0,0.0,0.0,0.0,0.0,0.0,0.0,0.0
