model,split,thr_source,thr,iou,f1,precision,recall,tp,fp,fn,tn
M0,test,official-0.5,0.5,0.6684,0.8012,0.8144,0.7885,1983012.0,451837.0,531996.0,17477114.0
M0,test,valid-best-IoU,0.4,0.6671,0.8003,0.8015,0.7992,2010022.0,497872.0,504986.0,17431079.0
M0,bolivia,official-0.5,0.5,0.6167,0.7629,0.8957,0.6644,300262.0,34979.0,151639.0,2337554.0
M0,bolivia,valid-best-IoU,0.4,0.6273,0.7709,0.8861,0.6823,308329.0,39652.0,143572.0,2332881.0
M1,test,official-0.5,0.5,0.6699,0.8023,0.8185,0.7868,1978733.0,438810.0,536275.0,17490141.0
M1,test,valid-best-IoU,0.5,0.6699,0.8023,0.8185,0.7868,1978733.0,438810.0,536275.0,17490141.0
M1,bolivia,official-0.5,0.5,0.6311,0.7739,0.8899,0.6846,309380.0,38294.0,142521.0,2334239.0
M1,bolivia,valid-best-IoU,0.5,0.6311,0.7739,0.8899,0.6846,309380.0,38294.0,142521.0,2334239.0
M2,test,official-0.5,0.5,0.639,0.7798,0.8221,0.7416,1865097.0,403643.0,649911.0,17525308.0
M2,test,valid-best-IoU,0.5,0.639,0.7798,0.8221,0.7416,1865097.0,403643.0,649911.0,17525308.0
M2,bolivia,official-0.5,0.5,0.5479,0.708,0.8888,0.5883,265843.0,33275.0,186058.0,2339258.0
M2,bolivia,valid-best-IoU,0.5,0.5479,0.708,0.8888,0.5883,265843.0,33275.0,186058.0,2339258.0
M3,test,official-0.5,0.5,0.6639,0.798,0.8899,0.7233,1819091.0,225046.0,695917.0,17703905.0
M3,test,valid-best-IoU,0.45,0.6669,0.8001,0.8849,0.7302,1836417.0,238855.0,678591.0,17690096.0
M3,bolivia,official-0.5,0.5,0.3636,0.5333,0.8537,0.3878,175249.0,30038.0,276652.0,2342495.0
M3,bolivia,valid-best-IoU,0.45,0.3877,0.5588,0.8247,0.4226,190953.0,40581.0,260948.0,2331952.0
