chip_id,gt_flood_frac,M0_pred_frac,M0_iou,M1_pred_frac,M1_iou,M2_pred_frac,M2_iou,M3_pred_frac,M3_iou,iou_range
Bolivia_294583,0.115029,0.1398,0.7527,0.1402,0.7541,0.0355,0.2927,0.0913,0.6581,0.4614
Bolivia_129334,0.65833,0.5984,0.8252,0.5983,0.8343,0.4959,0.7317,0.3028,0.454,0.3803
Bolivia_432776,0.464263,0.2805,0.5303,0.3012,0.5648,0.2231,0.4536,0.0958,0.1879,0.3769
Bolivia_103757,0.40149,0.3425,0.78,0.3605,0.8005,0.2803,0.6885,0.1812,0.4487,0.3517
Bolivia_314919,0.443104,0.3006,0.5891,0.3083,0.6064,0.2461,0.5243,0.1435,0.3106,0.2958
Bolivia_242570,0.155811,0.0389,0.1256,0.0754,0.2166,0.2123,0.3794,0.1417,0.3414,0.2538
Bolivia_379434,0.041161,0.0184,0.2239,0.0335,0.2869,0.0077,0.1183,0.0405,0.311,0.1927
Bolivia_290290,0.096265,0.0592,0.3986,0.0335,0.2834,0.0482,0.4047,0.0238,0.2207,0.184
Bolivia_60373,0.062708,0.0384,0.5341,0.0446,0.6072,0.0403,0.5796,0.0376,0.5608,0.0731
Bolivia_360519,0.001699,0.0063,0.0435,0.0055,0.0373,0.0116,0.0801,0.0047,0.044,0.0428
Bolivia_23014,0.042515,0.0532,0.6964,0.0525,0.71,0.0551,0.731,0.0501,0.7381,0.0417
Bolivia_312675,0.060598,0.0032,0.0379,0.0039,0.044,0.0016,0.0255,0.0004,0.0044,0.0397
Bolivia_195474,0.005935,0.0001,0.0102,0.0008,0.004,0.0,0.0,0.0174,0.0351,0.0351
Bolivia_233925,7e-06,0.0095,0.0,0.0087,0.0,0.0054,0.0,0.0058,0.0,0.0
Bolivia_76104,2.6e-05,0.0,0.0,0.0,0.0,0.0,0.0,0.0,0.0,0.0
