epoch,train_loss,val_iou,val_f1
1,0.5696135045044006,0.5457954864408094,0.7061677833183668
2,0.4642707227714478,0.45193945209505765,0.6225320912385516
3,0.44380613286343834,0.5584715506695181,0.7166913634763016
4,0.39576181461886756,0.5893967945211028,0.741660982529985
5,0.3814382122622596,0.5230815704864146,0.6868726931810107
6,0.34725547167989945,0.5447236010925725,0.7052699917837093
7,0.3703928972993578,0.5880977957779668,0.7406317129244016
8,0.35373014424528393,0.5920613347842701,0.7437669912004606
9,0.37541709934908246,0.5477404465276186,0.7077936709315928
10,0.35246385846819195,0.5593533815124224,0.7174170880943626
11,0.3614279119268296,0.43220523917295683,0.6035520985604444
12,0.36711922228809385,0.5878765624204699,0.7404562494802014
13,0.3659664233998647,0.6157904489118782,0.7622157302927322
14,0.35714458780629293,0.6222026375571275,0.7671084027930777
15,0.3387570025192367,0.535527219280773,0.6975157615954444
16,0.333724298765735,0.5845466565382959,0.7378093333400817
17,0.3506084904074669,0.567168576429593,0.7238131041847603
18,0.3207689646690611,0.6107014594012208,0.7583049676163431
19,0.3605892738652608,0.593374812296779,0.74480255032079
20,0.3124640036433462,0.6121580023980181,0.7594268069163016
21,0.32965597108243005,0.5839746894660035,0.7373535612171337
22,0.3269829073595622,0.5793471331025623,0.7336539517862433
