split,model,bin,count,mean_probability,observed_frequency
valid,M0,0,17738060,0.0045,0.0231
valid,M0,1,225603,0.1428,0.2926
valid,M0,2,120614,0.2466,0.3425
valid,M0,3,89108,0.3484,0.3748
valid,M0,4,78263,0.4495,0.4087
valid,M0,5,80374,0.5509,0.4424
valid,M0,6,102807,0.6529,0.5001
valid,M0,7,147509,0.7534,0.5525
valid,M0,8,248054,0.8551,0.6324
valid,M0,9,1443762,0.9807,0.9162
valid,M1,0,16957491,0.0078,0.0154
valid,M1,1,561228,0.1426,0.1593
valid,M1,2,267028,0.2452,0.2306
valid,M1,3,174838,0.3477,0.2979
valid,M1,4,142027,0.449,0.3608
valid,M1,5,130732,0.5493,0.4169
valid,M1,6,124368,0.6499,0.4604
valid,M1,7,148795,0.7534,0.5268
valid,M1,8,294042,0.8563,0.657
valid,M1,9,1473605,0.9808,0.9043
valid,M2,0,17501975,0.0105,0.0237
valid,M2,1,364156,0.141,0.2218
valid,M2,2,173992,0.2462,0.2891
valid,M2,3,123974,0.3484,0.3227
valid,M2,4,111095,0.4487,0.3469
valid,M2,5,107372,0.5505,0.4043
valid,M2,6,119296,0.6514,0.4591
valid,M2,7,145507,0.7521,0.5263
valid,M2,8,216251,0.855,0.6414
valid,M2,9,1410536,0.9825,0.9167
valid,M3,0,17590171,0.0068,0.0234
valid,M3,1,330953,0.1432,0.2461
valid,M3,2,193196,0.2472,0.284
valid,M3,3,155538,0.349,0.3017
valid,M3,4,113195,0.4469,0.392
valid,M3,5,100357,0.5503,0.4674
valid,M3,6,114707,0.6519,0.5379
valid,M3,7,138181,0.7511,0.6335
valid,M3,8,172950,0.8537,0.7259
valid,M3,9,1364906,0.9857,0.9303
bolivia,M0,0,2413344,0.0041,0.045
bolivia,M0,1,32511,0.1429,0.541
bolivia,M0,2,17277,0.2473,0.5599
bolivia,M0,3,13321,0.3489,0.5875
bolivia,M0,4,12740,0.4501,0.6332
bolivia,M0,5,15126,0.5524,0.699
bolivia,M0,6,21752,0.6541,0.7793
bolivia,M0,7,39497,0.7552,0.8581
bolivia,M0,8,83971,0.8566,0.9124
bolivia,M0,9,174895,0.9552,0.9276
bolivia,M1,0,2326563,0.005,0.0265
bolivia,M1,1,66821,0.1439,0.47
bolivia,M1,2,36486,0.2462,0.5549
bolivia,M1,3,25911,0.3477,0.61
bolivia,M1,4,20979,0.4484,0.6427
bolivia,M1,5,18453,0.5495,0.7
bolivia,M1,6,19607,0.6516,0.7594
bolivia,M1,7,29871,0.7559,0.8129
bolivia,M1,8,96077,0.8605,0.9058
bolivia,M1,9,183666,0.9472,0.927
bolivia,M2,0,2355471,0.0206,0.0339
bolivia,M2,1,74216,0.1407,0.5456
bolivia,M2,2,36638,0.2465,0.6204
bolivia,M2,3,28678,0.3501,0.7026
bolivia,M2,4,30313,0.4505,0.7563
bolivia,M2,5,35312,0.5516,0.8143
bolivia,M2,6,48605,0.6529,0.8616
bolivia,M2,7,69137,0.7531,0.8968
bolivia,M2,8,86570,0.8505,0.9184
bolivia,M2,9,59494,0.9395,0.9026
bolivia,M3,0,2199643,0.0128,0.0679
bolivia,M3,1,167153,0.1441,0.1788
bolivia,M3,2,104742,0.2471,0.2649
bolivia,M3,3,85897,0.3497,0.4213
bolivia,M3,4,61712,0.445,0.5409
bolivia,M3,5,43260,0.5498,0.786
bolivia,M3,6,48634,0.6504,0.885
bolivia,M3,7,43260,0.7476,0.8734
bolivia,M3,8,34346,0.8495,0.8869
bolivia,M3,9,35787,0.9506,0.8372
