split,model,bin,n_components,mean_recall,median_recall,frac_missed,frac_ge05,frac_ge075
valid,M0,1-25,6904,0.1274,0.0,0.8459,0.1306,0.1121
valid,M0,26-100,1087,0.2588,0.0,0.5474,0.2677,0.1766
valid,M0,101-500,529,0.3828,0.2581,0.3251,0.3856,0.2665
valid,M0,>500,250,0.5924,0.7218,0.084,0.628,0.472
valid,M1,1-25,6904,0.1645,0.0,0.7988,0.1689,0.1438
valid,M1,26-100,1087,0.2996,0.0588,0.4609,0.2981,0.2015
valid,M1,101-500,529,0.4261,0.3713,0.225,0.4253,0.2892
valid,M1,>500,250,0.6376,0.7818,0.044,0.648,0.528
valid,M2,1-25,6904,0.0854,0.0,0.9017,0.086,0.0782
valid,M2,26-100,1087,0.1233,0.0,0.736,0.1095,0.0653
valid,M2,101-500,529,0.2807,0.0396,0.4367,0.2798,0.189
valid,M2,>500,250,0.4876,0.4587,0.084,0.484,0.376
valid,M3,1-25,6904,0.0821,0.0,0.9038,0.0823,0.0744
valid,M3,26-100,1087,0.1305,0.0,0.7323,0.1288,0.069
valid,M3,101-500,529,0.2942,0.0678,0.4461,0.3025,0.1758
valid,M3,>500,250,0.4999,0.5197,0.136,0.504,0.396
test,M0,1-25,7644,0.1338,0.0,0.8456,0.1363,0.1219
test,M0,26-100,1166,0.2628,0.0,0.5669,0.2727,0.1827
test,M0,101-500,537,0.4195,0.3485,0.2756,0.4246,0.2849
test,M0,>500,241,0.6649,0.8327,0.0539,0.7012,0.5768
test,M1,1-25,7644,0.1631,0.0,0.8051,0.1676,0.1455
test,M1,26-100,1166,0.2991,0.0576,0.4648,0.2985,0.1904
test,M1,101-500,537,0.4381,0.4183,0.2197,0.4376,0.2793
test,M1,>500,241,0.6662,0.8172,0.0539,0.7054,0.5809
test,M2,1-25,7644,0.0707,0.0,0.9171,0.0713,0.0642
test,M2,26-100,1166,0.1191,0.0,0.7376,0.1149,0.0643
test,M2,101-500,537,0.2694,0.0648,0.4376,0.2775,0.1453
test,M2,>500,241,0.5459,0.6286,0.0996,0.5685,0.4108
test,M3,1-25,7644,0.0668,0.0,0.9233,0.0683,0.0611
test,M3,26-100,1166,0.1142,0.0,0.7779,0.1106,0.0652
test,M3,101-500,537,0.258,0.0184,0.4749,0.2551,0.1397
test,M3,>500,241,0.5243,0.597,0.1286,0.5519,0.3942
bolivia,M0,1-25,983,0.101,0.0,0.8728,0.1027,0.0885
bolivia,M0,26-100,105,0.2714,0.0,0.5143,0.2476,0.1524
bolivia,M0,101-500,90,0.367,0.1703,0.3444,0.3889,0.2667
bolivia,M0,>500,61,0.5151,0.6265,0.0656,0.541,0.4262
bolivia,M1,1-25,983,0.1197,0.0,0.8423,0.1221,0.0987
bolivia,M1,26-100,105,0.3101,0.1489,0.419,0.3333,0.1905
bolivia,M1,101-500,90,0.4108,0.3028,0.2778,0.4444,0.2889
bolivia,M1,>500,61,0.5456,0.6277,0.0656,0.5574,0.3934
bolivia,M2,1-25,983,0.0966,0.0,0.8911,0.0966,0.0926
bolivia,M2,26-100,105,0.0438,0.0,0.9333,0.0476,0.0286
bolivia,M2,101-500,90,0.0895,0.0,0.7222,0.0778,0.0333
bolivia,M2,>500,61,0.44,0.4556,0.1803,0.4426,0.2623
bolivia,M3,1-25,983,0.0748,0.0,0.9105,0.0773,0.0702
bolivia,M3,26-100,105,0.1726,0.0,0.6667,0.1714,0.1048
bolivia,M3,101-500,90,0.1828,0.0,0.5333,0.1889,0.1
bolivia,M3,>500,61,0.3836,0.3412,0.1475,0.3443,0.1803
