seed,model,best_epoch,epochs_run,best_val_iou,best_val_f1,test_iou,test_f1,test_precision,test_recall,training_time_minutes,parameter_count,source
42,M0,24,32,0.6324971753667415,0.7748830252248475,0.6683904956275099,0.8012398739530441,0.8144290731906054,0.7884710505891032,26.98,7762753,locked
42,M1,26,34,0.638653479261249,0.779485702052863,0.6698891637498191,0.8023157199586112,0.8184893811433855,0.7867688691248693,14.83,7763041,locked
42,M2,11,19,0.612274214400273,0.7595162268673638,0.6390269189799244,0.779763786880282,0.8220861599844491,0.7415857126498203,8.24,7763617,locked
42,M3,20,28,0.6288183691064451,0.7721160083023574,0.6638878913423665,0.7979959399731312,0.8899056717305774,0.7232939219278822,13.9,7763905,locked
7,M0,14,22,0.6222026375571275,0.7671084027930777,0.6339723942497376,0.775989112267499,0.7502064751344545,0.8036069865384123,10.18,7762753,NB09-trained
7,M1,14,22,0.6283066110817797,0.7717300984949343,0.6656032045078026,0.7992338178633162,0.8326517791859349,0.7683947725017174,12.66,7763041,NB09-trained
7,M2,15,23,0.6322729671549757,0.7747147437624222,0.6660853563933103,0.7995813100724122,0.8578818338833133,0.7487006005547494,12.37,7763617,NB09-trained
7,M3,15,23,0.6157136063222902,0.7621568618461892,0.6624858100921929,0.7969822126067574,0.8319772765512397,0.7648122789271443,12.53,7763905,NB09-trained
123,M0,9,17,0.631923689329837,0.7744524980598393,0.65299126876486,0.7900722534845219,0.7973081693065219,0.78296649553401,9.25,7762753,NB09-trained
123,M1,36,40,0.6352093695110914,0.7769150311219657,0.6695159337771338,0.8020479706896443,0.8214870100173713,0.7835076468941646,21.31,7763041,NB09-trained
123,M2,39,40,0.6503109956077806,0.7881072075842319,0.6560675596655786,0.7923198005102061,0.8386985876982236,0.7508015879074735,24.28,7763617,NB09-trained
123,M3,2,10,0.6032658545931897,0.7525462510962693,0.6453495188942162,0.7844527999353005,0.8349596090295885,0.7397077862177772,5.42,7763905,NB09-trained
