epoch,train_loss,val_loss,val_iou,val_f1,val_precision,val_recall,lr
1,0.5416657848963662,0.4604786554079377,0.5356434859176222,0.6976143752783722,0.6221363174528918,0.793935208134076,0.001
2,0.4346921600046612,0.36439618635713383,0.5340586431016648,0.69626887489196,0.6124086024212553,0.8067399424347188,0.001
3,0.4258095503799499,0.323454914468058,0.573582541473544,0.7290148765203143,0.8022818559295846,0.6680100358281572,0.001
4,0.38508804615527864,0.3232507655459843,0.5750471432411227,0.7301967376849859,0.7287856444791486,0.7316133068842587,0.001
5,0.3816382691027626,0.3360352824243267,0.5227834949896819,0.6866156565746998,0.600919138975629,0.80081982569068,0.001
6,0.3641281208348653,0.3000816401470913,0.580323280265963,0.7344361588819068,0.8190045623124534,0.6656978333690388,0.001
7,0.3449750819376537,0.2839162748181418,0.6047102640905822,0.7536690918248936,0.7714311995840002,0.7367065165654805,0.001
8,0.3424393693133006,0.29493227433622554,0.5797215356331695,0.7339540826192752,0.690830662573809,0.7828196948197519,0.001
9,0.33080109267953844,0.30550693728950584,0.544285810684161,0.7049029480673974,0.6219463047228566,0.8133955358671495,0.001
10,0.35659454266230267,0.274239825733592,0.5974029948769943,0.7479677907122733,0.7523742496790571,0.7436126471513609,0.001
11,0.35488957687029765,0.27869468023268024,0.5942323661232652,0.7454777338040999,0.8117002937820182,0.6892456366646555,0.001
12,0.34390051012474393,0.28111998318286424,0.6051537078808155,0.7540134063280653,0.7684713475096109,0.7400894404192169,0.001
13,0.358898006143078,0.2819236285900802,0.6089039594437936,0.7569177208759394,0.8368323029580245,0.690935754027194,0.001
14,0.33728534669157056,0.31038954485668224,0.5766424902460217,0.7314816052862876,0.8861216772469729,0.6227954747342914,0.001
15,0.3317728370191559,0.28317157103774254,0.6086394755072104,0.7567133399099413,0.8616854267098735,0.6745396884016982,0.001
16,0.3049021116088307,0.3035225406121672,0.5936165160763865,0.7449929260912859,0.8982030436110918,0.6364338389194003,0.0005
17,0.3123141803911754,0.27931229452068884,0.6130253634085211,0.7600938917844292,0.8534318552808161,0.685159505666442,0.0005
18,0.33014751095620415,0.3436736129642872,0.5342449253637005,0.6964271690360678,0.8253477930578333,0.6023406175852877,0.0005
19,0.3310485851197016,0.2680061707335911,0.6182138319842077,0.7640693947370714,0.7681242591516425,0.7600571170927289,0.0005
20,0.31453785453996963,0.2887487525350592,0.582455108416274,0.7361410822079087,0.8475414918318288,0.6506234744797206,0.0005
21,0.31242106665694525,0.30327551016646825,0.5752455921410513,0.7303567070779466,0.8717053198539326,0.6284520568696926,0.0005
22,0.3096255482662292,0.2739201964956991,0.6049601860723749,0.7538631685963398,0.7844807868252512,0.7255457362520535,0.0005
23,0.2963028796135433,0.2760280568278238,0.6109039590346362,0.7584610556217093,0.8576895760860218,0.6798117251387812,0.0005
24,0.2927082521574838,0.2996863592206762,0.5941134275226597,0.7453841324805883,0.7776525664295169,0.7156869423979675,0.0005
25,0.2934415691665241,0.2785035545906324,0.601220541393001,0.7509528206174023,0.809642536572422,0.7001966649426361,0.00025
26,0.29896892938348985,0.3349658280945896,0.5483120657221702,0.7082707388031337,0.8300507386741445,0.6176525161728676,0.00025
27,0.30464838527970844,0.26954908752709295,0.6071355503784902,0.755549897248994,0.7694327169792731,0.7421591731108644,0.00025
